inregistrare_organizator,2020-04-29 00:23:06.322
inregistrare_client,2020-04-29 00:23:06.341
inregistrare_client,2020-04-29 00:23:06.341
inregistrare_client,2020-04-29 00:23:06.342
login_organizator,2020-04-29 00:23:06.346
login_client,2020-04-29 00:23:06.348
login_client,2020-04-29 00:23:06.348
adaugare_cont_bancar,2020-04-29 00:23:06.352
adaugare_cont_bancar,2020-04-29 00:23:06.353
adaugare_cont_bancar,2020-04-29 00:23:06.353
adaugare_discount,2020-04-29 00:23:06.355
adaugare_discount,2020-04-29 00:23:06.357
adaugare_eveniment,2020-04-29 00:23:06.383
adaugare_eveniment,2020-04-29 00:23:06.384
adaugare_bilete_la_eveniment,2020-04-29 00:23:06.389
adaugare_bilete_la_eveniment,2020-04-29 00:23:06.39
rezerva_bilet,2020-04-29 00:23:06.393
rezerva_bilet,2020-04-29 00:23:06.396
plateste_bilet,2020-04-29 00:25:00.823
plateste_bilet_cu_reducere,2020-04-29 00:25:00.841
